{"stats":{"minecraft:used":{"minecraft:wooden_axe":71,"minecraft:stone_pickaxe":81,"minecraft:wooden_pickaxe":32,"minecraft:stone_axe":6,"minecraft:torch":18,"minecraft:dirt":20,"minecraft:cobblestone":9,"minecraft:crafting_table":3,"minecraft:furnace":1,"minecraft:cooked_beef":3},"minecraft:broken":{"minecraft:wooden_axe":1},"minecraft:mined":{"minecraft:dark_oak_leaves":1,"minecraft:iron_ore":13,"minecraft:andesite":8,"minecraft:crafting_table":2,"minecraft:grass":2,"minecraft:coal_ore":28,"minecraft:grass_block":13,"minecraft:oak_log":52,"minecraft:dripstone_block":1,"minecraft:sand":2,"minecraft:dirt":7,"minecraft:cobblestone":1,"minecraft:lapis_ore":4,"minecraft:stone":58,"minecraft:oak_leaves":6},"minecraft:killed":{"minecraft:skeleton":1,"minecraft:sheep":4,"minecraft:pig":1,"minecraft:chicken":4,"minecraft:cow":2},"minecraft:custom":{"minecraft:time_since_rest":20541,"minecraft:interact_with_furnace":7,"minecraft:sprint_one_cm":36623,"minecraft:damage_taken":245,"minecraft:walk_one_cm":48166,"minecraft:mob_kills":13,"minecraft:drop":1,"minecraft:damage_dealt":1169,"minecraft:interact_with_crafting_table":4,"minecraft:fly_one_cm":29879,"minecraft:crouch_one_cm":9649,"minecraft:play_time":20541,"minecraft:sneak_time":3430,"minecraft:walk_under_water_one_cm":1153,"minecraft:jump":206,"minecraft:walk_on_water_one_cm":227,"minecraft:time_since_death":20541,"minecraft:total_world_time":20541,"minecraft:fall_one_cm":5669},"minecraft:crafted":{"minecraft:cooked_beef":4,"minecraft:oak_planks":208,"minecraft:cooked_porkchop":3,"minecraft:crafting_table":1,"minecraft:stick":28,"minecraft:wooden_pickaxe":1,"minecraft:stone_pickaxe":1,"minecraft:wooden_axe":2,"minecraft:furnace":1,"minecraft:torch":72,"minecraft:stone_axe":1,"minecraft:air":0},"minecraft:dropped":{"minecraft:dark_oak_log":1},"minecraft:picked_up":{"minecraft:raw_iron":13,"minecraft:crafting_table":2,"minecraft:feather":5,"minecraft:chicken":4,"minecraft:andesite":7,"minecraft:dripstone_block":1,"minecraft:porkchop":3,"minecraft:sand":2,"minecraft:oak_log":52,"minecraft:lapis_lazuli":22,"minecraft:dark_oak_log":1,"minecraft:dirt":20,"minecraft:arrow":1,"minecraft:bone":2,"minecraft:beef":4,"minecraft:oak_sapling":2,"minecraft:coal":28,"minecraft:black_wool":1,"minecraft:mutton":7,"minecraft:white_wool":3,"minecraft:cobblestone":58,"minecraft:egg":3}},"DataVersion":3465}