{"stats":{"minecraft:used":{"minecraft:stone_pickaxe":162,"minecraft:wooden_pickaxe":32,"minecraft:torch":28,"minecraft:dirt":20,"minecraft:crafting_table":4,"minecraft:granite":1,"minecraft:wooden_axe":71,"minecraft:stone_axe":12,"minecraft:cobblestone":9,"minecraft:furnace":1,"minecraft:cooked_porkchop":1,"minecraft:cooked_beef":3},"minecraft:broken":{"minecraft:stone_pickaxe":1,"minecraft:wooden_axe":1},"minecraft:mined":{"minecraft:tuff":4,"minecraft:dark_oak_leaves":1,"minecraft:crafting_table":2,"minecraft:granite":4,"minecraft:grass_block":13,"minecraft:cobblestone":1,"minecraft:lapis_ore":4,"minecraft:iron_ore":14,"minecraft:andesite":13,"minecraft:deepslate_lapis_ore":2,"minecraft:grass":2,"minecraft:oak_log":52,"minecraft:coal_ore":28,"minecraft:deepslate_iron_ore":5,"minecraft:sand":2,"minecraft:dripstone_block":17,"minecraft:dirt":7,"minecraft:stone":89,"minecraft:oak_leaves":6,"minecraft:deepslate":13},"minecraft:killed":{"minecraft:pig":1,"minecraft:sheep":4,"minecraft:skeleton":1,"minecraft:zombie":2,"minecraft:chicken":4,"minecraft:cow":2},"minecraft:custom":{"minecraft:interact_with_furnace":7,"minecraft:mob_kills":15,"minecraft:interact_with_crafting_table":5,"minecraft:leave_game":1,"minecraft:time_since_death":28699,"minecraft:time_since_rest":28699,"minecraft:sprint_one_cm":39711,"minecraft:damage_taken":405,"minecraft:walk_one_cm":60172,"minecraft:drop":1,"minecraft:damage_dealt":1539,"minecraft:fly_one_cm":33339,"minecraft:crouch_one_cm":14079,"minecraft:play_time":28699,"minecraft:sneak_time":5097,"minecraft:walk_under_water_one_cm":1153,"minecraft:jump":260,"minecraft:walk_on_water_one_cm":560,"minecraft:total_world_time":28699,"minecraft:fall_one_cm":8548},"minecraft:crafted":{"minecraft:cooked_beef":4,"minecraft:oak_planks":208,"minecraft:cooked_porkchop":3,"minecraft:crafting_table":2,"minecraft:wooden_pickaxe":1,"minecraft:furnace":1,"minecraft:stone_axe":1,"minecraft:air":0,"minecraft:stick":32,"minecraft:stone_pickaxe":3,"minecraft:wooden_axe":2,"minecraft:torch":72},"minecraft:dropped":{"minecraft:dark_oak_log":1},"minecraft:picked_up":{"minecraft:crafting_table":2,"minecraft:feather":5,"minecraft:chicken":4,"minecraft:andesite":12,"minecraft:tuff":3,"minecraft:oak_log":52,"minecraft:lapis_lazuli":37,"minecraft:dirt":20,"minecraft:bone":2,"minecraft:cobbled_deepslate":13,"minecraft:beef":4,"minecraft:egg":3,"minecraft:raw_iron":19,"minecraft:dripstone_block":15,"minecraft:porkchop":3,"minecraft:sand":2,"minecraft:pointed_dripstone":2,"minecraft:dark_oak_log":1,"minecraft:arrow":1,"minecraft:rotten_flesh":1,"minecraft:granite":4,"minecraft:oak_sapling":2,"minecraft:black_wool":1,"minecraft:mutton":7,"minecraft:coal":28,"minecraft:white_wool":3,"minecraft:cobblestone":88}},"DataVersion":3465}