{"stats":{"minecraft:used":{"minecraft:wooden_axe":9,"minecraft:dirt":3,"minecraft:crafting_table":1},"minecraft:mined":{"minecraft:grass_block":4,"minecraft:oak_log":11},"minecraft:killed":{"minecraft:pig":1},"minecraft:crafted":{"minecraft:oak_planks":16,"minecraft:crafting_table":1,"minecraft:stick":8,"minecraft:wooden_pickaxe":1,"minecraft:wooden_axe":1},"minecraft:custom":{"minecraft:time_since_rest":2541,"minecraft:crouch_one_cm":312,"minecraft:play_time":2541,"minecraft:sprint_one_cm":3689,"minecraft:walk_one_cm":4102,"minecraft:sneak_time":118,"minecraft:mob_kills":1,"minecraft:jump":22,"minecraft:damage_dealt":100,"minecraft:time_since_death":2541,"minecraft:total_world_time":2541,"minecraft:interact_with_crafting_table":1,"minecraft:fall_one_cm":478,"minecraft:fly_one_cm":1975},"minecraft:picked_up":{"minecraft:porkchop":3,"minecraft:oak_log":8,"minecraft:dirt":4}},"DataVersion":3465}