{"stats":{"minecraft:used":{"minecraft:stone_axe":41,"minecraft:crafting_table":1,"minecraft:wooden_pickaxe":35},"minecraft:mined":{"minecraft:grass":1,"minecraft:grass_block":9,"minecraft:dirt":11,"minecraft:dark_oak_leaves":9,"minecraft:dark_oak_log":63,"minecraft:stone":27},"minecraft:crafted":{"minecraft:dark_oak_planks":252,"minecraft:stone_axe":1,"minecraft:crafting_table":1,"minecraft:stick":8,"minecraft:wooden_pickaxe":1},"minecraft:custom":{"minecraft:time_since_rest":5670,"minecraft:play_time":5670,"minecraft:sprint_one_cm":112,"minecraft:damage_taken":20,"minecraft:walk_one_cm":13950,"minecraft:jump":34,"minecraft:time_since_death":5670,"minecraft:total_world_time":5670,"minecraft:interact_with_crafting_table":3,"minecraft:fall_one_cm":673,"minecraft:fly_one_cm":408},"minecraft:picked_up":{"minecraft:dark_oak_sapling":1,"minecraft:dark_oak_log":63,"minecraft:dirt":20,"minecraft:cobblestone":27}},"DataVersion":3465}