{"stats":{"minecraft:used":{"minecraft:stone_sword":3,"minecraft:stone_pickaxe":82,"minecraft:iron_pickaxe":137,"minecraft:wooden_pickaxe":35,"minecraft:stone_axe":42,"minecraft:torch":2,"minecraft:glow_berries":22,"minecraft:dirt":20,"minecraft:cobblestone":21,"minecraft:crafting_table":2,"minecraft:furnace":1,"minecraft:tuff":6,"minecraft:cobbled_deepslate":11},"minecraft:mined":{"minecraft:deepslate_redstone_ore":5,"minecraft:tuff":14,"minecraft:flowering_azalea":2,"minecraft:dark_oak_leaves":9,"minecraft:iron_ore":13,"minecraft:dark_oak_log":63,"minecraft:deepslate_lapis_ore":5,"minecraft:clay":3,"minecraft:moss_carpet":2,"minecraft:crafting_table":1,"minecraft:cave_vines_plant":49,"minecraft:grass":3,"minecraft:coal_ore":29,"minecraft:grass_block":9,"minecraft:cave_vines":99,"minecraft:deepslate_iron_ore":24,"minecraft:vine":1,"minecraft:dirt":11,"minecraft:tall_grass":7,"minecraft:deepslate_gold_ore":2,"minecraft:stone":60,"minecraft:moss_block":8,"minecraft:deepslate":15},"minecraft:killed":{"minecraft:zombie":1},"minecraft:crafted":{"minecraft:crafting_table":1,"minecraft:stick":12,"minecraft:iron_pickaxe":1,"minecraft:iron_ingot":32,"minecraft:wooden_pickaxe":1,"minecraft:stone_pickaxe":1,"minecraft:stone_sword":1,"minecraft:gold_ingot":2,"minecraft:furnace":1,"minecraft:dark_oak_planks":252,"minecraft:torch":4,"minecraft:stone_axe":1,"minecraft:air":0},"minecraft:custom":{"minecraft:time_since_rest":23670,"minecraft:interact_with_furnace":14,"minecraft:sprint_one_cm":22536,"minecraft:damage_taken":325,"minecraft:walk_one_cm":91126,"minecraft:mob_kills":1,"minecraft:damage_dealt":150,"minecraft:interact_with_crafting_table":9,"minecraft:fly_one_cm":13974,"minecraft:crouch_one_cm":2314,"minecraft:play_time":23670,"minecraft:sneak_time":816,"minecraft:jump":276,"minecraft:walk_on_water_one_cm":184,"minecraft:time_since_death":23670,"minecraft:total_world_time":23670,"minecraft:climb_one_cm":81,"minecraft:fall_one_cm":11460},"minecraft:picked_up":{"minecraft:dark_oak_sapling":1,"minecraft:crafting_table":1,"minecraft:raw_iron":37,"minecraft:clay_ball":12,"minecraft:tuff":14,"minecraft:lapis_lazuli":29,"minecraft:redstone":21,"minecraft:moss_carpet":1,"minecraft:dark_oak_log":63,"minecraft:dirt":20,"minecraft:wheat_seeds":1,"minecraft:cobbled_deepslate":13,"minecraft:raw_gold":2,"minecraft:moss_block":7,"minecraft:flowering_azalea":2,"minecraft:glow_berries":67,"minecraft:coal":29,"minecraft:cobblestone":60}},"DataVersion":3465}