{"stats":{"minecraft:used":{"minecraft:stone_sword":3,"minecraft:stone_pickaxe":82,"minecraft:shield":1,"minecraft:wooden_pickaxe":35,"minecraft:iron_sword":20,"minecraft:torch":5,"minecraft:glow_berries":59,"minecraft:dirt":20,"minecraft:crafting_table":2,"minecraft:tuff":6,"minecraft:iron_pickaxe":176,"minecraft:stone_axe":43,"minecraft:cobblestone":21,"minecraft:furnace":1,"minecraft:cobbled_deepslate":16},"minecraft:mined":{"minecraft:deepslate_redstone_ore":5,"minecraft:tuff":14,"minecraft:flowering_azalea":2,"minecraft:dark_oak_leaves":9,"minecraft:dark_oak_log":63,"minecraft:crafting_table":2,"minecraft:clay":3,"minecraft:cave_vines_plant":56,"minecraft:torch":1,"minecraft:grass_block":9,"minecraft:tall_grass":9,"minecraft:deepslate_gold_ore":2,"minecraft:moss_block":10,"minecraft:furnace":1,"minecraft:iron_ore":13,"minecraft:moss_carpet":3,"minecraft:deepslate_lapis_ore":10,"minecraft:grass":3,"minecraft:coal_ore":29,"minecraft:cave_vines":114,"minecraft:deepslate_iron_ore":35,"minecraft:vine":1,"minecraft:dirt":11,"minecraft:stone":60,"minecraft:deepslate":32},"minecraft:killed":{"minecraft:spider":2,"minecraft:skeleton":2,"minecraft:zombie":2},"minecraft:crafted":{"minecraft:crafting_table":1,"minecraft:wooden_pickaxe":1,"minecraft:iron_sword":1,"minecraft:furnace":1,"minecraft:stone_axe":1,"minecraft:air":0,"minecraft:shield":1,"minecraft:stick":16,"minecraft:iron_ingot":37,"minecraft:iron_pickaxe":2,"minecraft:stone_pickaxe":1,"minecraft:stone_sword":1,"minecraft:gold_ingot":2,"minecraft:dark_oak_planks":252,"minecraft:torch":16},"minecraft:custom":{"minecraft:interact_with_furnace":23,"minecraft:mob_kills":6,"minecraft:interact_with_crafting_table":15,"minecraft:leave_game":1,"minecraft:time_since_death":31828,"minecraft:climb_one_cm":81,"minecraft:time_since_rest":31828,"minecraft:sprint_one_cm":31866,"minecraft:damage_taken":485,"minecraft:walk_one_cm":130668,"minecraft:damage_blocked_by_shield":25,"minecraft:drop":3,"minecraft:damage_dealt":990,"minecraft:fly_one_cm":17096,"minecraft:crouch_one_cm":2764,"minecraft:play_time":31828,"minecraft:sneak_time":908,"minecraft:jump":349,"minecraft:walk_on_water_one_cm":184,"minecraft:total_world_time":31828,"minecraft:fall_one_cm":12822},"minecraft:dropped":{"minecraft:wheat_seeds":1,"minecraft:stone_sword":1,"minecraft:dark_oak_sapling":1},"minecraft:picked_up":{"minecraft:crafting_table":2,"minecraft:clay_ball":12,"minecraft:tuff":14,"minecraft:string":1,"minecraft:lapis_lazuli":66,"minecraft:dirt":20,"minecraft:moss_carpet":2,"minecraft:bone":1,"minecraft:wheat_seeds":2,"minecraft:cobbled_deepslate":31,"minecraft:raw_gold":2,"minecraft:moss_block":9,"minecraft:flowering_azalea":2,"minecraft:furnace":1,"minecraft:dark_oak_sapling":1,"minecraft:raw_iron":48,"minecraft:torch":1,"minecraft:redstone":21,"minecraft:dark_oak_log":63,"minecraft:stone_sword":1,"minecraft:arrow":4,"minecraft:glow_berries":75,"minecraft:coal":46,"minecraft:cobblestone":60}},"DataVersion":3465}