{"stats":{"minecraft:custom":{"minecraft:jump":499,"minecraft:time_since_rest":211133,"minecraft:damage_dealt":56,"minecraft:play_one_minute":211133,"minecraft:crouch_one_cm":184,"minecraft:leave_game":39,"minecraft:sprint_one_cm":57598,"minecraft:damage_taken":120,"minecraft:time_since_death":211133,"minecraft:walk_one_cm":76361,"minecraft:sneak_time":35,"minecraft:mob_kills":1,"minecraft:fall_one_cm":1254,"minecraft:fly_one_cm":162876},"minecraft:picked_up":{"minecraft:filled_map":2}},"DataVersion":2586}