{"stats":{"minecraft:used":{"minecraft:wooden_axe":35,"minecraft:oak_planks":6,"minecraft:wooden_sword":11,"minecraft:beef":1,"minecraft:crafting_table":2,"minecraft:oak_sapling":1,"minecraft:dark_oak_sapling":1},"minecraft:mined":{"minecraft:dark_oak_leaves":2,"minecraft:dark_oak_log":4,"minecraft:crafting_table":1,"minecraft:oak_log":36,"minecraft:oak_planks":6,"minecraft:oak_leaves":11},"minecraft:killed":{"minecraft:sheep":1,"minecraft:pig":2,"minecraft:cow":1},"minecraft:crafted":{"minecraft:wooden_sword":1,"minecraft:oak_planks":144,"minecraft:crafting_table":1,"minecraft:stick":8,"minecraft:wooden_pickaxe":1,"minecraft:wooden_axe":1},"minecraft:custom":{"minecraft:time_since_rest":542,"minecraft:sprint_one_cm":40220,"minecraft:damage_taken":220,"minecraft:walk_one_cm":57370,"minecraft:mob_kills":4,"minecraft:drop":5,"minecraft:damage_dealt":469,"minecraft:interact_with_crafting_table":3,"minecraft:fly_one_cm":33790,"minecraft:crouch_one_cm":5,"minecraft:play_time":14429,"minecraft:deaths":1,"minecraft:sneak_time":31,"minecraft:walk_under_water_one_cm":1194,"minecraft:jump":303,"minecraft:leave_game":1,"minecraft:walk_on_water_one_cm":616,"minecraft:time_since_death":513,"minecraft:total_world_time":14429,"minecraft:fall_one_cm":6129},"minecraft:dropped":{"minecraft:dark_oak_log":4,"minecraft:dark_oak_sapling":1},"minecraft:picked_up":{"minecraft:dark_oak_sapling":2,"minecraft:crafting_table":1,"minecraft:leather":1,"minecraft:porkchop":5,"minecraft:oak_log":36,"minecraft:dark_oak_log":4,"minecraft:beef":1,"minecraft:oak_sapling":1,"minecraft:mutton":1,"minecraft:oak_planks":6,"minecraft:white_wool":1,"minecraft:egg":3},"minecraft:killed_by":{"minecraft:skeleton":1}},"DataVersion":3465}