{"stats":{"minecraft:mined":{"minecraft:grass_block":2},"minecraft:used":{"minecraft:dirt":2},"minecraft:picked_up":{"minecraft:dirt":2,"funmod:hell_jewel":1},"minecraft:dropped":{"funmod:hell_jewel":1},"minecraft:custom":{"minecraft:jump":80,"minecraft:time_since_rest":11839,"minecraft:damage_dealt":19,"minecraft:play_one_minute":11839,"minecraft:leave_game":2,"minecraft:sprint_one_cm":9861,"minecraft:time_since_death":11839,"minecraft:walk_on_water_one_cm":1619,"minecraft:walk_one_cm":4440,"minecraft:drop":1,"minecraft:fall_one_cm":627,"minecraft:fly_one_cm":24852}},"DataVersion":2586}