{"stats":{"minecraft:custom":{"minecraft:time_since_rest":13819,"minecraft:damage_dealt":19,"minecraft:play_one_minute":13819,"minecraft:leave_game":3,"minecraft:sprint_one_cm":9861,"minecraft:time_since_death":13819,"minecraft:walk_on_water_one_cm":1619,"minecraft:walk_one_cm":6008,"minecraft:fall_one_cm":627,"minecraft:drop":1,"minecraft:fly_one_cm":24852,"minecraft:jump":81},"minecraft:used":{"minecraft:dirt":2},"minecraft:mined":{"minecraft:grass_block":2},"minecraft:dropped":{"funmod:hell_jewel":1},"minecraft:picked_up":{"funmod:hell_jewel":1,"minecraft:dirt":2}},"DataVersion":2586}