{"stats":{"minecraft:used":{"minecraft:dark_oak_planks":109,"minecraft:wooden_axe":151,"minecraft:apple":1,"minecraft:stone_sword":94,"minecraft:wooden_pickaxe":13,"minecraft:wooden_shovel":44,"minecraft:dirt":14,"minecraft:beef":11,"minecraft:crafting_table":5,"minecraft:dark_oak_door":2},"minecraft:broken":{"minecraft:wooden_axe":2},"minecraft:mined":{"minecraft:dark_oak_planks":13,"minecraft:dark_oak_door":1,"minecraft:dark_oak_leaves":9,"minecraft:dark_oak_log":123,"minecraft:crafting_table":4,"minecraft:grass":2,"minecraft:grass_block":7,"minecraft:oak_log":4,"minecraft:sand":31,"minecraft:dirt":22,"minecraft:stone":6},"minecraft:killed":{"minecraft:sheep":2,"minecraft:skeleton":2,"minecraft:zombie":1,"minecraft:chicken":2,"minecraft:spider":1,"minecraft:drowned":3,"minecraft:cow":6},"minecraft:crafted":{"minecraft:dark_oak_door":3,"minecraft:oak_planks":16,"minecraft:wooden_shovel":1,"minecraft:crafting_table":1,"minecraft:stick":16,"minecraft:wooden_pickaxe":1,"minecraft:stone_pickaxe":1,"minecraft:wooden_axe":3,"minecraft:stone_sword":1,"minecraft:dark_oak_planks":152},"minecraft:custom":{"minecraft:time_since_rest":31287,"minecraft:sprint_one_cm":17718,"minecraft:damage_taken":399,"minecraft:walk_one_cm":120544,"minecraft:mob_kills":17,"minecraft:damage_dealt":2310,"minecraft:swim_one_cm":6331,"minecraft:interact_with_crafting_table":10,"minecraft:fly_one_cm":34271,"minecraft:play_time":31287,"minecraft:walk_under_water_one_cm":1025,"minecraft:jump":358,"minecraft:leave_game":1,"minecraft:time_since_death":31287,"minecraft:walk_on_water_one_cm":27136,"minecraft:total_world_time":31287,"minecraft:fall_one_cm":4461},"minecraft:picked_up":{"minecraft:dark_oak_door":1,"minecraft:dark_oak_sapling":2,"minecraft:crafting_table":4,"minecraft:chicken":2,"minecraft:leather":3,"minecraft:sand":42,"minecraft:oak_log":4,"minecraft:string":2,"minecraft:dark_oak_log":117,"minecraft:dirt":29,"minecraft:dark_oak_planks":13,"minecraft:arrow":2,"minecraft:bone":3,"minecraft:apple":1,"minecraft:rotten_flesh":7,"minecraft:beef":15,"minecraft:mutton":1,"minecraft:white_wool":2,"minecraft:cobblestone":6}},"DataVersion":3465}