{"stats":{"minecraft:used":{"minecraft:wooden_axe":38,"minecraft:crafting_table":2,"minecraft:wooden_pickaxe":13,"minecraft:wooden_shovel":6},"minecraft:mined":{"minecraft:grass_block":5,"minecraft:oak_log":4,"minecraft:dirt":8,"minecraft:dark_oak_leaves":4,"minecraft:stone":6,"minecraft:dark_oak_log":32,"minecraft:crafting_table":2},"minecraft:crafted":{"minecraft:oak_planks":16,"minecraft:wooden_shovel":1,"minecraft:dark_oak_planks":8,"minecraft:crafting_table":1,"minecraft:stick":12,"minecraft:stone_pickaxe":1,"minecraft:wooden_pickaxe":1,"minecraft:wooden_axe":2},"minecraft:custom":{"minecraft:time_since_rest":5129,"minecraft:play_time":5129,"minecraft:sprint_one_cm":83,"minecraft:walk_one_cm":10686,"minecraft:jump":30,"minecraft:time_since_death":5129,"minecraft:total_world_time":5129,"minecraft:interact_with_crafting_table":4,"minecraft:fall_one_cm":420,"minecraft:fly_one_cm":232},"minecraft:picked_up":{"minecraft:dark_oak_sapling":1,"minecraft:crafting_table":2,"minecraft:oak_log":4,"minecraft:dark_oak_log":32,"minecraft:dirt":13,"minecraft:cobblestone":6}},"DataVersion":3465}