{"stats":{"minecraft:used":{"minecraft:dark_oak_planks":62,"minecraft:wooden_axe":79,"minecraft:stone_sword":94,"minecraft:wooden_pickaxe":13,"minecraft:wooden_shovel":18,"minecraft:dirt":14,"minecraft:beef":11,"minecraft:crafting_table":5,"minecraft:dark_oak_door":2},"minecraft:mined":{"minecraft:dark_oak_planks":6,"minecraft:dark_oak_door":1,"minecraft:dark_oak_leaves":6,"minecraft:dark_oak_log":62,"minecraft:crafting_table":4,"minecraft:grass":2,"minecraft:grass_block":7,"minecraft:oak_log":4,"minecraft:dirt":20,"minecraft:stone":6},"minecraft:killed":{"minecraft:sheep":2,"minecraft:skeleton":2,"minecraft:zombie":1,"minecraft:chicken":2,"minecraft:spider":1,"minecraft:drowned":3,"minecraft:cow":6},"minecraft:crafted":{"minecraft:dark_oak_door":3,"minecraft:oak_planks":16,"minecraft:wooden_shovel":1,"minecraft:crafting_table":1,"minecraft:stick":12,"minecraft:wooden_pickaxe":1,"minecraft:stone_pickaxe":1,"minecraft:wooden_axe":2,"minecraft:stone_sword":1,"minecraft:dark_oak_planks":72},"minecraft:custom":{"minecraft:time_since_rest":23129,"minecraft:sprint_one_cm":17718,"minecraft:damage_taken":399,"minecraft:walk_one_cm":102231,"minecraft:mob_kills":17,"minecraft:damage_dealt":2310,"minecraft:swim_one_cm":6331,"minecraft:interact_with_crafting_table":7,"minecraft:fly_one_cm":34271,"minecraft:play_time":23129,"minecraft:walk_under_water_one_cm":1025,"minecraft:jump":318,"minecraft:time_since_death":23129,"minecraft:walk_on_water_one_cm":16059,"minecraft:total_world_time":23129,"minecraft:fall_one_cm":4252},"minecraft:picked_up":{"minecraft:dark_oak_door":1,"minecraft:dark_oak_sapling":1,"minecraft:crafting_table":4,"minecraft:chicken":2,"minecraft:leather":3,"minecraft:sand":12,"minecraft:oak_log":4,"minecraft:string":2,"minecraft:dark_oak_log":61,"minecraft:dirt":27,"minecraft:dark_oak_planks":6,"minecraft:arrow":2,"minecraft:bone":3,"minecraft:rotten_flesh":7,"minecraft:beef":15,"minecraft:mutton":1,"minecraft:white_wool":2,"minecraft:cobblestone":6}},"DataVersion":3465}