{
  "minecraft:adventure/root": {
    "criteria": {
      "killed_something": "2024-05-21 21:48:32 +0000"
    },
    "done": true
  },
  "minecraft:adventure/kill_a_mob": {
    "criteria": {
      "minecraft:skeleton": "2024-05-21 21:48:32 +0000"
    },
    "done": true
  },
  "minecraft:adventure/kill_all_mobs": {
    "criteria": {
      "minecraft:skeleton": "2024-05-21 21:48:32 +0000"
    },
    "done": false
  },
  "minecraft:adventure/adventuring_time": {
    "criteria": {
      "minecraft:forest": "2024-05-21 23:19:45 +0000",
      "minecraft:beach": "2024-05-21 22:49:52 +0000",
      "minecraft:wooded_hills": "2024-05-21 23:36:37 +0000",
      "minecraft:plains": "2024-05-21 06:58:44 +0000"
    },
    "done": false
  },
  "DataVersion": 2586
}