{
  "exoticbirds:default/root": {
    "criteria": {
      "launch_mod": "2024-05-22 05:29:40 +0000"
    },
    "done": true
  },
  "tombstone:adventure/root": {
    "criteria": {
      "auto": "2024-05-22 05:29:41 +0000"
    },
    "done": true
  },
  "farlanders:root": {
    "criteria": {
      "attack": "2024-05-22 05:30:00 +0000"
    },
    "done": true
  },
  "minecraft:adventure/adventuring_time": {
    "criteria": {
      "minecraft:forest": "2024-05-22 05:12:15 +0000",
      "minecraft:river": "2024-05-22 05:12:30 +0000"
    },
    "done": false
  },
  "DataVersion": 2586
}